No,Keyword,Expectation,Algorithm Accuracy Result,Priority Number,Average Precision
1,yok,yôk,0.80,4,1.00
2,yoh,yôh,0.80,2,1.00
3,weng,wéng,0.85,1,0.00
4,weh,wèh,0.80,2,0.00
5,wase,wasé,0.88,3,1.00
6,wareh,waréh,0.91,3,1.00
7,wajek,wajék,0.91,1,1.00
8,wajeb,wajéb,0.91,1,1.00
9,utom,utôm,0.87,2,1.00
10,utoh,utôh,0.87,1,0.00
11,usos,usôs,0.87,8,0.00
12,use,usé,0.82,4,0.00
13,urotan,urôtan,0.91,1,1.00
14,urosan,urôsan,0.91,1,1.00
15,urong,urông,0.89,1,0.00
16,seukreng,seukréng,0.96,2,1.00
17,uree,urèe,0.87,5,1.00
18,unyet,unyèt,0.91,1,1.00
19,untong,untông,0.92,1,1.00
20,unggoi,unggôi,0.93,1,1.00
21,uleh,uléh,0.87,1,0.00
22,ulee,ulèe,0.87,7,1.00
23,ukoran,ukôran,0.91,2,1.00
24,ukom,ukôm,0.87,1,0.00
25,uko,ukô,0.82,4,0.00
26,ukee,ukeè,0.88,4,1.00
27,uke,ukeè,0.94,1,1.00
28,ujop,ujôp,0.87,2,0.00
29,ujong,ujông,0.89,1,0.00
30,udep,udép,0.87,1,0.00
31,tutoong,tutôong,0.93,1,1.00
32,tuto,tutôong,0.90,4,1.00
33,turonan,turônan,0.93,1,1.00
34,turon-muron,turôn-murôn,0.92,1,1.00
35,tupee,tupée,0.91,2,1.00
36,tungkoi,tungkôi,0.95,1,1.00
37,tumpok,tumpôk,0.93,2,1.00
38,tumpoi,tumpôi,0.93,1,1.00
39,tumet,tumèt,0.91,2,1.00
40,tumon,tumôn,0.91,1,1.00
41,tulong,tulông,0.92,3,1.00
42,tuleh,tuléh,0.91,1,1.00
43,tuka-take,tuka-také,0.96,1,1.00
44,tujoh,tujôh,0.91,1,1.00
45,tujoan,tujôan,0.92,1,1.00
46,tudoh,tudôh,0.91,1,1.00
47,tuboh,tubôh,0.91,1,1.00
48,tubee,tubèe,0.91,2,1.00
49,tron,trôn,0.87,6,1.00
50,trompet,trompèt,0.95,1,1.00
51,troh,trôh,0.87,2,0.00
52,triplek,triplèk,0.95,1,1.00
53,trep,trép,0.87,1,0.00
54,tot,topèng,0.87,2,1.00
55,topeng,topèng,0.92,1,1.00
56,top,topèng,0.88,2,1.00
57,tong,topèng,0.91,2,1.00
58,titep,titèp,0.91,2,1.00
59,titel,titèl,0.91,1,1.00
60,titek,titék,0.91,2,1.00
61,tireh,tiréh,0.91,1,1.00
62,tiree,tirèe,0.91,3,1.00
63,tipoih,tipôih,0.92,1,1.00
64,tipee,tipèe,0.91,1,1.00
65,tiong,tiông,0.89,1,0.00
66,tinggong,tinggông,0.96,1,1.00
67,tilek,tilék,0.91,2,1.00
68,tikoh,tikôh,0.91,1,1.00
69,tiket,tikèt,0.91,1,1.00
70,tho,thô,0.82,1,0.00
71,teutop,teutôp,0.93,1,1.00
72,teurupong,teurupông,0.96,1,1.00
73,teurmometer,teurmomètèr,0.94,1,1.00
74,teureubeh,teureubéh,0.96,1,1.00
75,teupreh,teuprèh,0.95,1,1.00
76,teupong,teupông,0.94,2,1.00
77,teupileh,teupiléh,0.96,1,1.00
78,teupeulindong,teupeulindông,0.97,1,1.00
79,teunumpok,teunumpôk,0.96,1,1.00
80,teuntee,teuntèe,0.95,2,1.00
81,teunireh,teuniréh,0.96,1,1.00
82,teuniree,teunirèe,0.96,1,1.00
83,teuneuboh,teuneubôh,0.96,1,1.00
84,teunaroh,teunarôh,0.96,1,1.00
85,teumiree,teumirèe,0.96,1,1.00
86,teumipee,teumipèe,0.96,1,1.00
87,teumeutot,teumeutôt,0.96,1,1.00
88,teumbon,teumbôn,0.95,1,1.00
89,teumasok,teumasôk,0.96,2,1.00
90,teumakot,teumakôt,0.96,1,1.00
91,teulok,teulôk,0.93,2,1.00
92,teulhon,teulhôn,0.95,1,1.00
93,teuleubeh,teuleubèh,0.96,1,1.00
94,teukeseh,teukeséh,0.96,1,1.00
95,teukejot,teukejôt,0.96,1,1.00
96,teugok,teugôk,0.93,4,1.00
97,teugoh,teugôh,0.93,5,1.00
98,teugo,teugô,0.92,5,1.00
99,teuceuek,teuceuèk,0.96,1,1.00
100,teuboh,teubôh,0.93,1,1.00
101,teubeng,teubéng,0.94,1,1.00
102,tet-tot,tèt-tot,0.91,1,1.00
103,tenda,tènda,0.88,1,0.00
104,tempe,teumipèe,0.85,1,0.00
105,tempe,teumipèe,0.85,1,0.00
106,tema,teumasôk,0.87,9,1.00
107,tem,teumbôn,0.85,6,1.00
108,telepisi,télépisi,0.85,3,0.00
109,teksi,tèksi,0.88,1,0.00
110,tebat,tèbat,0.88,1,0.00
111,tauge,taugé,0.92,1,1.00
112,taroh,tarôh,0.91,3,1.00
113,tarep,tarép,0.91,2,1.00
114,tarek,tarék,0.91,2,1.00
115,tapeuse,tapeusé,0.95,1,1.00
116,tapeh,tapéh,0.91,1,1.00
117,tanjong,tanjông,0.94,1,1.00
118,tangkeh,tangkéh,0.95,3,1.00
119,tangke,tangké,0.94,2,1.00
120,tangilek,tangilék,0.96,1,1.00
121,tanggong,tanggông,0.96,1,1.00
122,tanggoh,tanggôh,0.95,1,1.00
123,tandeng,tandéng,0.94,1,1.00
124,tamse,tamsé,0.92,1,1.00
125,tampureh,tampuréh,0.96,1,1.00
126,tampuleng,tampuléng,0.96,1,1.00
127,tampok,tampôk,0.93,3,1.00
128,tameng,tamèng,0.92,3,1.00
129,tameh,tamèh,0.91,1,1.00
130,tambo,tambô,0.92,1,1.00
131,tamadon,tamadôn,0.95,1,1.00
132,talo,talô,0.88,3,1.00
133,takse,taksé,0.92,1,1.00
134,takot,takôt,0.91,2,1.00
135,taklok,taklôk,0.93,1,1.00
136,taklet,taklét,0.93,1,1.00
137,takjop,takjôp,0.93,1,1.00
138,tablet,tablèt,0.93,2,1.00
139,syuko,syukô,0.92,1,1.00
140,syetan,syètan,0.91,1,1.00
141,syedara,syèdara,0.92,1,1.00
142,syedaga,syèdaga,0.92,1,1.00
143,syarikoh,syarikôh,0.96,1,1.00
144,suwe,suwé,0.88,1,0.00
145,susot,susôt,0.91,1,1.00
146,suson,susôn,0.91,1,1.00
147,surot,surôt,0.91,1,1.00
148,suroh,surôh,0.91,1,1.00
149,supe,supé,0.88,1,0.00
150,sunteng,sunténg,0.94,1,1.00
151,sunggoh-sunggoh,sunggôh-sunggôh,0.96,1,1.00
152,sulotan,sulôtan,0.93,1,1.00
153,sulong,sulông,0.92,1,1.00
154,sulet,sulét,0.91,1,1.00
155,suleng,sulông,0.92,4,1.00
156,sukee,sukèe,0.91,1,1.00
157,sukarela,sukarèla,0.96,1,1.00
158,sugot,sugôt,0.91,1,1.00
159,sudep,sudép,0.91,1,1.00
160,strop,strôp,0.91,1,1.00
161,sosah,sôsah,0.88,1,0.00
162,sop,silophôn,0.81,7,1.00
163,soneta,sonèta,0.92,1,1.00
164,sohsah,sôhsah,0.90,1,1.00
165,soh,silophôn,0.81,5,1.00
166,skema,skèma,0.89,1,0.00
167,siribee,siribèe,0.95,1,1.00
168,sereutoh,sereutôh,0.96,1,1.00
169,sirep,sirép,0.91,1,1.00
170,sirene,sikureuengplôh,0.85,7,0.00
171,sipre,sipré,0.92,2,1.00
172,sipot,sipôt,0.91,1,1.00
173,siploh,siplôh,0.93,1,1.00
174,singkee,singkèe,0.95,1,1.00
175,singet,singèt,0.93,1,1.00
176,sinde,sindé,0.92,1,1.00
177,simeureulet,simeureulét,0.97,1,1.00
178,silophon,silophôn,0.96,1,1.00
179,sikureuengploh,sikureuengplôh,0.98,1,1.00
180,sikrop,sikrôp,0.93,1,1.00
181,siklep-siklap,siklép-siklap,0.97,1,1.00
182,sijudo,sijudô,0.94,1,1.00
183,sibandeng,sibandéng,0.96,1,1.00
184,seurene,seurenè,0.95,1,1.00
185,seurumpet,seurumpét,0.96,1,1.00
186,seureleng,seureulông,0.96,1,1.00
187,seureulong,seureulông,0.97,1,1.00
188,seurabee,seurabèe,0.96,1,1.00
189,seupot,seupôt,0.93,2,1.00
190,seupoh,seupôh,0.93,1,1.00
191,seupet,seupôt,0.93,1,1.00
192,seunuson,seunusôn,0.96,1,1.00
193,seunungkee,seunungkèe,0.97,1,1.00
194,seunte,seunté,0.94,2,1.00
195,seuneuron,seuneurôn,0.96,1,1.00
196,seuneupet,seuneupét,0.96,1,1.00
197,seuneulhong,seuneulhông,0.97,1,1.00
198,seunareng,seunaréng,0.96,1,1.00
199,seunambong,seunambông,0.97,1,1.00
200,seunalop,seunalôp,0.96,3,1.00
201,seunalen,seunalèn,0.96,2,1.00
202,seumulet,seumulét,0.96,1,1.00
203,seumporna,seumpôrna,0.96,1,1.00
204,seumpet,seumpét,0.95,1,1.00
205,seumike,seumiké,0.95,1,1.00
206,seumeulhoh,seumeulhôh,0.97,1,1.00
207,seumen,seumèn,0.93,2,1.00
208,seumbo,seumbô,0.94,1,1.00
209,seumateh,seumatéh,0.96,1,1.00
210,seumate,seumaté,0.95,2,1.00
211,seuliseh,seuliséh,0.96,1,1.00
212,seulimeng,seulimèng,0.96,1,1.00
213,seulidek,seulidék,0.96,1,1.00
214,seulangkot,seulangkôt,0.97,2,1.00
215,seudeh,seudéh,0.93,2,1.00
216,seubaroh,seubarôh,0.96,1,1.00
217,seubaro,seubarô,0.95,1,1.00
218,sep,seupôt,0.87,1,0.00
219,sente,seuneupét,0.80,7,0.00
220,seng,sèng,0.85,10,1.00
221,sel,seunalôp,0.83,4,0.00
222,seksa,séksa,0.88,1,0.00
223,sege,sègè,0.00,0,0.00
224,sayen,sayén,0.91,1,1.00
225,sawo,sawô,0.88,1,0.00
226,sate,saté,0.88,4,1.00
227,sarong,sarông,0.92,2,1.00
228,sareng,sarông,0.92,2,1.00
229,sare,saré,0.88,4,1.00
230,santon,santôn,0.93,1,1.00
231,sanjong,sanjông,0.94,1,1.00
232,sanggop,sanggôp,0.95,1,1.00
233,sanggoi,sanggôi,0.95,1,1.00
234,sane,sanè,0.88,2,1.00
235,sandewara,sandéwara,0.96,1,1.00
236,samporeuna,sampôreuna,0.96,1,1.00
237,sampoh,sampôh,0.93,3,1.00
238,saloran,salôran,0.93,2,1.00
239,salop,salôp,0.91,2,1.00
240,salen,salén,0.91,4,1.00
241,saleh,salèh,0.91,3,1.00
242,salee,salèe,0.91,5,1.00
243,saket,sakét,0.91,1,1.00
244,sagop,sagôp,0.91,2,1.00
245,sagee,sagèe,0.91,1,1.00
246,saengan,saéngan,0.92,2,1.00
247,sabong,sabông,0.92,2,1.00
248,sabon,sabôn,0.91,2,1.00
249,sabe,sabé,0.88,3,1.00
250,s'en,s'èn,0.87,1,0.00
251,rusok,rusôk,0.91,1,1.00
252,runtoh,runtôh,0.93,1,1.00
253,rumpet,rumpét,0.93,1,1.00
254,rumeh,rumèh,0.91,1,1.00
255,rumbee,rumbèe,0.93,2,1.00
256,rujee,rujèe,0.91,1,1.00
257,roket,rokèt,0.91,1,1.00
258,roh,rôh,0.80,10,1.00
259,ro,rokèt,0.84,6,1.00
260,rioh,riôh,0.87,2,0.00
261,rincong,rincông,0.94,1,1.00
262,rhot,rhôt,0.87,5,1.00
263,rhoi,rhôi,0.87,3,0.00
264,rhem,rhém,0.87,1,0.00
265,reutek,reuték,0.93,2,1.00
266,reuruntoh,reuruntôh,0.96,1,1.00
267,reuoh,reuôh,0.91,2,1.00
268,reuncong,reuncông,0.96,2,1.00
269,reudok,reudôk,0.93,2,1.00
270,reubot,reubôt,0.93,1,1.00
271,reubong,reubông,0.94,2,1.00
272,reuboh,reubôh,0.93,1,1.00
273,resimen,resimèn,0.95,1,1.00
274,resep,resèp,0.91,1,1.00
275,rektor,rèktor,0.90,2,1.00
276,rekening,rèkening,0.92,1,1.00
277,reflektor,réflèktor,0.87,2,0.00
278,meusulet,meusulét,0.96,1,1.00
279,rawot,rawôt,0.91,1,1.00
280,raong,raông,0.89,3,1.00
281,ranteng,ranténg,0.94,1,1.00
282,rante,ranté,0.92,1,1.00
283,ransom,ransôm,0.93,1,1.00
284,rangkoi,rangkôi,0.95,1,1.00
285,ranggong,ranggông,0.96,1,1.00
286,rampeng,rampéng,0.94,1,1.00
287,raminet,raminèt,0.95,1,1.00
288,rambong,rambông,0.94,2,1.00
289,rambee,rambèe,0.93,1,1.00
290,raket,rakét,0.91,1,1.00
291,raket,rakét,0.91,1,1.00
292,radio,radiô,0.92,4,1.00
293,racon,racôn,0.91,1,1.00
294,puwet,puwét,0.91,1,1.00
295,puweh,puwèh,0.91,2,1.00
296,puwajeb,puwajéb,0.95,1,1.00
297,putoh-putoh,putôh-putôh,0.92,1,1.00
298,putoh,putôh,0.91,1,1.00
299,puteng,puténg,0.92,2,1.00
300,puteh,putôh,0.91,2,1.00
301,pureh,puréh,0.91,2,1.00
302,puree,purèe,0.91,3,1.00
303,puputoh,puputôh,0.95,1,1.00
304,puputeh,puputôh,0.95,1,1.00
305,pupuleh,pupuléh,0.95,1,1.00
306,pupiyoh,pupiyôh,0.95,1,1.00
307,puphon,puphôn,0.93,1,1.00
308,pupansion,pupansiôn,0.96,1,1.00
309,puntong,puntông,0.94,1,1.00
310,punggong,punggông,0.96,1,1.00
311,punggok,punggôk,0.95,1,1.00
312,pumungken,pumungkén,0.96,1,1.00
313,pumeungkleh,pumeungklèh,0.97,1,1.00
314,pumeulek,pumeulèk,0.96,1,1.00
315,pumeukleh,pumeuklèh,0.96,1,1.00
316,pumerdeka,pumerdèka,0.96,1,1.00
317,pumasen,pumasén,0.95,1,1.00
318,pumameh,pumamèh,0.95,1,1.00
319,pumalee,pumalèe,0.95,1,1.00
320,pulot,pulôt,0.91,2,1.00
321,puleh,puléh,0.91,3,1.00
322,pudiom,pudiôm,0.93,1,1.00
323,pucok,pucôk,0.91,1,1.00
324,pubusot,pubusôt,0.95,1,1.00
325,pubeutoi,pubeutôi,0.96,1,1.00
326,pubeusot,pubeusôt,0.96,1,1.00
327,pubeureutoh,pubeureutôh,0.97,1,1.00
328,pubeungeh,pubeungèh,0.96,1,1.00
329,pubangket,pubangkét,0.96,1,1.00
330,pubandeng,pubandéng,0.96,1,1.00
331,proyektor,proyèktor,0.96,1,1.00
332,proteh,protèh,0.93,1,1.00
333,prospektus,prospèktus,0.97,1,1.00
334,presidium,prèsidium,0.94,1,1.00
335,presiden,prèsidèn,0.87,1,0.00
336,preh,prèh,0.87,1,0.00
337,predikat,prèdikat,0.93,1,1.00
338,pre,pré,0.82,4,0.00
339,praho,prahô,0.92,1,1.00
340,potokopi,pôtôkopi,0.85,2,0.00
341,pot-pot,tèt-tot,0.90,1,1.00
342,porselen,porselén,0.96,1,1.00
343,politeknik,politèknik,0.97,1,1.00
344,polem,polém,0.91,1,1.00
345,plok,plôk,0.87,2,1.00
346,planet,planèt,0.93,1,1.00
347,piyoh,piyôh,0.91,1,1.00
348,pipet,pipèt,0.91,4,1.00
349,pinto,pintô,0.92,1,1.00
350,pilem,pilém,0.91,1,1.00
351,pileh,piléh,0.91,1,1.00
352,pikeran,pikéran,0.93,1,1.00
353,pike,piké,0.88,1,0.00
354,picet,picét,0.91,1,1.00
355,phon-phon,phôn-phôn,0.88,1,0.00
356,phon,phôn,0.87,2,1.00
357,phet,phét,0.87,2,1.00
358,peuunyet,peuunyèt,0.96,1,1.00
359,peutundok,peutundôk,0.96,3,1.00
360,peutumpok-tumpok,peutumpôk-tumpôk,0.96,1,1.00
361,peutroh,peutrôh,0.95,1,1.00
362,peutho,peuthô,0.94,1,1.00
363,peuthee,peuthèe,0.95,2,1.00
364,peuteumbon,peuteumbôn,0.97,1,1.00
365,peutakot,peutakôt,0.96,1,1.00
366,peususon,peususôn,0.96,1,1.00
367,peuseupot,peuseupôt,0.96,1,1.00
368,peusambong,peusambông,0.97,1,1.00
369,peurisee,peurisèe,0.96,1,1.00
370,peureute,peureuté,0.96,1,1.00
371,peureuseh,peureuséh,0.96,1,1.00
372,peuraho,peurahô,0.95,4,1.00
373,peunyareng,peunyaréng,0.97,2,1.00
374,pileuh,piléuh,0.92,3,1.00
375,pilehan,piléhan,0.93,1,1.00
376,pijet,pijét,0.91,2,1.00
377,peutron,peutrôn,0.95,1,1.00
378,peuteuntee,peuteuntèe,0.97,1,1.00
379,peutenah,peuténah,0.95,1,1.00
380,peutaot,peutaôt,0.95,2,1.00
381,peutalo,peutalô,0.95,1,1.00
382,peutaklok,peutaklôk,0.96,1,1.00
383,peusare,peusaré,0.95,1,1.00
384,peuroh,peurôh,0.93,2,1.00
385,peurhot,peurhôt,0.95,1,1.00
386,peureusen,peureusèn,0.96,1,1.00
387,peureumen,peureumèn,0.96,1,1.00
388,peureulee,peureulèe,0.96,1,1.00
389,peureudee,peureudèe,0.96,1,1.00
390,peunyunteng,peunyunténg,0.97,1,1.00
391,peunteng,peunténg,0.96,1,1.00
392,peunileh,peuniléh,0.96,1,1.00
393,peungaseh,peungaséh,0.96,1,1.00
394,peuneng,peunténg,0.95,5,1.00
395,peulunco,peuluncô,0.96,1,1.00
396,peulicen,peulicén,0.96,1,1.00
397,peulampong,peulampông,0.97,1,1.00
398,meusilang-saleng,meusilang-saléng,0.98,1,1.00
399,meuseuliseh,meuseuliséh,0.97,1,1.00
400,meusare,meusaré,0.95,1,1.00
401,meusampeng,meusampéng,0.97,1,1.00
402,meusagop,meusagôp,0.96,1,1.00
403,meureuoh,meureuôh,0.96,1,1.00
404,meurdehka,meurdèhka,0.96,1,1.00
405,meuratoh,meuratôh,0.96,1,1.00
406,meuranggong,meuranggông,0.97,1,1.00
407,meurajalela,meurajalèla,0.97,1,1.00
408,meuracon,meuracôn,0.96,2,1.00
409,meupeungaroh,meupeungarôh,0.97,1,1.00
410,peanyaket,peanyakét,0.96,1,1.00
411,peunutoh,peunutôh,0.96,1,1.00
412,peunilek,peunilék,0.96,1,1.00
413,peungikot,peungikôt,0.96,1,1.00
414,peungaroh,peungarôh,0.96,1,1.00
415,peuneuyoh,peuneuyôh,0.96,1,1.00
416,peundukong,peundukông,0.97,1,1.00
417,peunajoh,peunajôh,0.96,2,1.00
418,peulindong,peulindông,0.97,1,1.00
419,peulhok,peulhôk,0.95,1,1.00
420,peuleugot,peuleugôt,0.96,1,1.00
421,peulet,peulagôt,0.95,4,1.00
422,peulaken,peulakén,0.96,2,1.00
423,peulagot,peulagôt,0.96,1,1.00
424,peulabohan,peulabôhan,0.97,1,1.00
425,peulabo,peulabô,0.95,2,1.00
426,peukurong,peukurông,0.96,1,1.00
427,peukupong,peukupông,0.96,1,1.00
428,peukeureuteng,peukeureuténg,0.97,1,1.00
429,peukeundo,peukeundô,0.96,1,1.00
430,peukeumbong,peukeumbông,0.97,2,1.00
431,peukeujot,peukeujôt,0.96,1,1.00
432,peukabeh,peukabèh,0.96,3,1.00
433,peujok,peujôk,0.93,1,1.00
434,peujeuoh,peujeuôh,0.96,1,1.00
435,peujayeh,peujayéh,0.96,1,1.00
436,peugule,peugulé,0.95,1,1.00
437,meuseuke,meuseuké,0.96,3,1.00
438,meusen,meusaéng,0.95,1,1.00
439,meusambong,meusambông,0.97,1,1.00
440,meusaeng,meusampéng,0.97,2,1.00
441,meuraong,meuraông,0.96,4,1.00
442,meurante,meuranté,0.96,3,1.00
443,meurandeh,meurandéh,0.96,1,1.00
444,meurabe,meurabé,0.95,2,1.00
445,meunurot,meunurôt,0.96,1,1.00
446,meumusoh,meumusôh,0.96,1,1.00
447,meulunco,meuluncô,0.96,1,1.00
448,meulonte,meulônté,0.90,5,1.00
449,meulindong,meulindông,0.97,1,1.00
450,meulambong,meulambông,0.97,1,1.00
451,meulaen,meulaèn,0.95,1,1.00
452,meukleh,meuklèh,0.95,1,1.00
453,peujampoh,peujampôh,0.96,1,1.00
454,peuile,peuilé,0.94,2,1.00
455,peuhubong,peuhubông,0.96,1,1.00
456,peugumbok,peugumbôk,0.96,1,1.00
457,peugleh,peugléh,0.95,1,1.00
458,peuget,peugèt,0.93,2,1.00
459,peugadee,peugadèe,0.96,1,1.00
460,peugabong,peugabông,0.96,1,1.00
461,peueleh,peuèlèh,0.00,0,1.00
462,peuek,peujôk,0.96,3,1.00
463,peudeh,peudéh,0.93,1,1.00
464,peudamee,peudamèe,0.96,1,1.00
465,peucre-bre,peucré-bré,0.93,1,1.00
466,peucoh-coh,peucôh-côh,0.92,1,1.00
467,peucaye,peucayé,0.95,2,1.00
468,peuayon-ayon,peuayôn-ayôn,0.94,1,1.00
469,peuayon,peuayôn,0.95,1,1.00
470,peuaseng,peuaséng,0.96,1,1.00
471,peuase,peuasé,0.94,1,1.00
472,peuangen-angen,peuangèn-angèn,0.95,1,1.00
473,peuanco,peuancô,0.95,1,1.00
474,meunarek,meunarék,0.96,2,1.00
475,peuampon,peuampôn,0.96,2,1.00
476,peualoh,peualôh,0.95,1,1.00
477,peuagong,peuagông,0.96,2,1.00
478,peuabeh,peuabéh,0.95,1,1.00
479,petran,pètran,0.90,3,1.00
480,peteunah,péteunah,0.92,3,1.00
481,pesta,pèsta,0.88,2,0.00
482,pers'en,pers'èn,0.95,1,1.00
483,periskop,periskôp,0.96,1,1.00
484,peodal,pèodal,0.90,1,1.00
485,pentilasi,pèntilasi,0.93,1,1.00
486,peng,peungikôt,0.85,8,0.00
487,peh,peuthô,0.87,3,1.00
488,payong,payông,0.92,1,1.00
489,patoh,patôh,0.91,1,1.00
490,pateh,patôh,0.91,1,1.00
491,parlemen,parlemèn,0.96,1,1.00
492,parek,parék,0.91,2,1.00
493,pante,panté,0.92,2,1.00
494,pangulee,pangulèe,0.96,1,1.00
495,panggong,panggông,0.96,1,1.00
496,pancopet,pancopèt,0.96,1,1.00
497,palet,palét,0.91,4,1.00
498,paleng,palông,0.92,2,1.00
499,paleh,paléh,0.91,3,1.00
500,paket,pakèt,0.91,1,1.00
501,meulilet,meulilét,0.96,1,1.00
502,meulek,meulakèe,0.95,1,1.00
503,meulapeh-lapeh,meulapéh-lapéh,0.95,1,1.00
504,meulakee,meulakèe,0.96,1,1.00
505,meulabo,meulabô,0.95,1,1.00
506,meuklep,meuklèp,0.95,1,1.00
507,meukilok-kilok,meukilôk-kilôk,0.95,1,1.00
508,meukeutupep,meukeutupèp,0.97,1,1.00
509,eunchok,eunchôk,0.95,1,1.00
510,pena,peuancô,0.89,3,1.00
511,pe,peuék,0.84,4,1.00
512,patot,patôt,0.91,4,1.00
513,patong,patông,0.92,1,1.00
514,patee,patèe,0.91,4,1.00
515,pasokan,pasôkan,0.93,1,1.00
516,paseh,pasèh,0.91,2,1.00
517,parot,parôt,0.91,2,1.00
518,pareksa,paréksa,0.93,1,1.00
519,panton,pantôn,0.93,3,1.00
520,pansion,pansiôn,0.95,1,1.00
521,pangkee,pangkèe,0.95,2,1.00
522,panggoi,panggôi,0.95,1,1.00
523,pangeran,pangèran,0.95,1,1.00
524,pamplet,pamplét,0.95,1,1.00
525,palong,palông,0.92,2,1.00
526,palem,palém,0.91,3,1.00
527,palee,palèe,0.91,3,1.00
528,pake,paké,0.88,2,1.00
529,pajoh,pajôh,0.91,1,1.00
530,pade,padé,0.88,4,1.00
531,pacok,pacôk,0.91,1,1.00
532,pabrek,pabrék,0.93,1,1.00
533,on,sonèta,0.78,5,0.00
534,meukemah,meukèmah,0.95,2,1.00
535,meukawen,meukawén,0.96,1,1.00
536,meujuntee,meujuntèe,0.96,1,1.00
537,meuireng-ireng,meuiréng-iréng,0.95,1,1.00
538,meuikot,meuikôt,0.95,1,1.00
539,meuhoi,meuhôi,0.93,2,1.00
540,meugule,meugulé,0.95,1,1.00
541,mengreb,mengréb,0.95,1,1.00
542,meugeurupeng,meugeurupéng,0.97,1,1.00
543,meugampong,meugampông,0.97,1,1.00
544,meudrep-drep,meudrép-drép,0.94,1,1.00
545,meudesya,meudèsya,0.95,1,1.00
546,meucureh,meucuréh,0.96,1,1.00
547,meuceh,meucuréh,0.95,2,1.00
548,meubeude,meubeudé,0.96,1,1.00
549,meuato,meuatô,0.94,1,1.00
550,meuase,meuasé,0.94,2,1.00
551,meuampong,meuampông,0.96,1,1.00
552,meuadee,meuadèe,0.95,1,1.00
553,meu'en-meu'en,meu'èn-meu'én,0.94,1,1.00
554,merek,meulèk,0.86,3,0.00
555,men,mentèga,0.87,3,1.00
556,meja,meujamèe,0.87,2,0.00
557,meh,meuhôi,0.87,4,1.00
558,mbong,mbông,0.89,2,1.00
559,mateh,matéh,0.91,1,1.00
560,mate,maté,0.88,4,1.00
561,masineh,masinèh,0.95,1,1.00
562,orkeh,orkèh,0.91,1,1.00
563,ok,orkèh,0.82,3,0.00
564,meujareng,meujaréng,0.96,1,1.00
565,meujanggot,meujanggôt,0.97,1,1.00
566,meujamee,meujamèe,0.96,1,1.00
567,meuikot-ikot,meuikôt-ikôt,0.94,1,1.00
568,meuhimpon,meuhimpôn,0.96,1,1.00
569,meugule-gule,meugulé-gulé,0.94,1,1.00
570,mengrop-grop,mengrôp-grôp,0.94,1,1.00
571,meugogo,meugôgô,0.89,10,1.00
572,meuglong,meuglông,0.96,1,1.00
573,meugandeng,meugandéng,0.97,1,1.00
574,meudroh,meudrôh,0.95,2,1.00
575,meudeungong,meudeungông,0.97,1,1.00
576,meucatet,meucatèt,0.96,1,1.00
577,meubulee,meubulèe,0.96,1,1.00
578,meuangkot,meuangkôt,0.96,1,1.00
579,meuampong-ampong,meuampông-ampông,0.96,1,1.00
580,meuabee,meuabèe,0.95,1,1.00
581,meu'en,meu'èn,0.93,1,1.00
582,mete,menteuôt,0.87,3,0.00
583,mentega,mentèga,0.94,1,1.00
584,melodi,mèlodi,0.90,1,1.00
585,Mee,meusén,0.87,6,1.00
586,mee,meusén,0.87,6,1.00
587,mbon,mbôn,0.87,3,1.00
588,masen,masén,0.91,2,1.00
589,nyen,nyèn,0.87,1,0.00
590,naseb,naséb,0.91,2,1.00
591,musoh,musôh,0.91,1,1.00
592,musikben,musikbèn,0.96,1,1.00
593,mupalet,mupalét,0.95,1,1.00
594,munaph'ek,munaph'èk,0.96,1,1.00
595,mudek,mudèk,0.91,1,1.00
596,mubungkoh,mubungkôh,0.96,1,1.00
597,muboi-boi,mubôi-bôi,0.90,1,0.00
598,muble-ble,mublè-blé,0.91,1,1.00
599,mubeda,mubèda,0.92,2,1.00
600,mubalek,mubalék,0.95,1,1.00
601,mubae,mubaé,0.92,1,1.00
602,nyeh,nyèh,0.87,1,0.00
603,numboi,numbôi,0.93,1,1.00
604,neulet,neulét,0.93,1,1.00
605,nek,nèk,0.80,3,0.00
606,mustahe,mustahé,0.95,1,1.00
607,musem,musém,0.91,1,1.00
608,muphom,muphôm,0.93,1,1.00
609,mupake,mupaké,0.94,2,1.00
610,mungken,mungkén,0.95,1,1.00
611,mumee,rumbèe,0.94,4,1.00
612,muleh,mulèh,0.91,1,1.00
613,mubulee,mubulèe,0.95,1,1.00
614,mublet-blet,mublét-blét,0.93,1,1.00
615,mubee,rumbèe,0.94,3,1.00
616,mubareh,mubaréh,0.95,1,1.00
617,motel,motèl,0.91,1,1.00
618,modernisasi,modèrnisasi,0.96,1,1.00
619,milimete,milimètè,0.92,1,1.00
620,milek,milék,0.91,1,1.00
621,mewah,mèwah,0.88,1,0.00
622,meuurot,meuurôt,0.95,1,1.00
623,meuunyet,meuunyèt,0.96,1,1.00
624,meutumpok,meutumpôk,0.96,1,1.00
625,meutron,meutrôn,0.95,1,1.00
626,meuto-to,meutô-tô,0.90,4,1.00
627,meuthon,meuthôn,0.95,1,1.00
628,menteuot,menteuôt,0.96,1,1.00
629,meutapeh,meutapéh,0.96,1,1.00
630,meutanggoh,meutanggôh,0.97,1,1.00
631,mantel,mantèl,0.93,1,1.00
632,mando,mandô,0.92,1,1.00
633,mameh,maméh,0.91,1,1.00
634,malem,malém,0.91,2,1.00
635,malee,malèe,0.91,2,1.00
636,mabok,mabôk,0.91,1,1.00
637,lusen,lusèn,0.91,1,1.00
638,moderen,modèrèn,0.87,2,0.00
639,misee,misèe,0.91,1,1.00
640,minet,minèt,0.91,1,1.00
641,milion,miliôn,0.93,1,1.00
642,mikroskop,mikrôskôp,0.91,1,1.00
643,meuturot-turot,meuturôt-turôt,0.95,1,1.00
644,meutudong,meutudông,0.96,1,1.00
645,meutitep,meutitèp,0.96,1,1.00
646,meutaroh,meutarôh,0.96,1,1.00
647,meutaot,meutaôt,0.95,1,1.00
648,meusyedara,meusyédara,0.97,1,1.00
649,meusurot,meusurôt,0.96,1,1.00
650,Maret,Marèt,0.91,3,1.00
651,manyet,manyèt,0.93,1,1.00
652,mantega,mantèga,0.94,1,1.00
653,mangkong,mangkông,0.96,1,1.00
654,maneh,manéh,0.91,2,1.00
655,malot,malôt,0.91,1,1.00
656,malee-malee,malèe-malèe,0.92,1,1.00
657,lungkee,lungkèe,0.95,2,1.00
658,lunceng,luncéng,0.94,1,1.00
659,lumpok,lumpôk,0.93,3,1.00
660,lumbem,lumbèm,0.93,1,1.00
661,luloh,lulôh,0.91,1,1.00
662,lukesan,lukésan,0.93,1,1.00
663,loteng,lotèng,0.92,1,1.00
664,lop,lôp,0.80,3,0.00
665,long,lotèng,0.91,1,1.00
666,lon,lotèng,0.87,2,1.00
667,logat,lôgat,0.88,2,1.00
668,lisek,lisék,0.91,1,1.00
669,lipeh,lipéh,0.91,2,1.00
670,lingkok,lingkôk,0.95,1,1.00
671,linggeh,linggéh,0.95,1,1.00
672,lilet,lilét,0.91,3,1.00
673,lilen,lilèn,0.91,2,1.00
674,Ihon,Ihôn,0.87,3,0.00
675,leunde,leundé,0.94,1,1.00
676,leumbot,leumbôt,0.95,1,1.00
677,leuho,leuhô,0.92,3,1.00
678,leugot,leugôt,0.93,2,1.00
679,leubeng,leubéng,0.94,3,1.00
680,leubeh,leubèh,0.93,1,1.00
681,let,lét,0.80,7,1.00
682,lensa,lènsa,0.88,1,0.00
683,leklang,léklang,0.91,1,1.00
684,layee,layèe,0.91,2,1.00
685,lawet,lawét,0.91,1,1.00
686,lapeh,lapéh,0.91,1,1.00
687,lambong,lambông,0.94,2,1.00
688,lukeh,lukéh,0.91,1,1.00
689,lotre,lotré,0.92,1,1.00
690,lonte,lônté,0.76,5,0.00
691,lite,litè,0.88,1,0.00
692,linggong,linggông,0.96,1,1.00
693,likot,likôt,0.91,2,1.00
694,lhok,lhôk,0.87,1,0.00
695,Ihoh,Ihôh,0.87,3,1.00
696,Ihee,Ihèe,0.87,1,0.00
697,leungkong,leungkông,0.96,1,1.00
698,leumbeng,leumbéng,0.96,2,1.00
699,leubo,leubô,0.92,1,1.00
700,letnan,lètnan,0.90,1,1.00
701,lestrek,léstrék,0.83,2,0.00
702,leng,leungkông,0.85,7,1.00
703,lem,leumbôt,0.85,9,1.00
704,le,leuhô,0.84,6,1.00
705,layoh,layôh,0.91,1,1.00
706,laot,laôt,0.87,3,1.00
707,langsong,langsông,0.96,2,1.00
708,langet,langèt,0.93,1,1.00
709,landok,landôk,0.93,2,1.00
710,lampoh,lampôh,0.93,2,1.00
711,lambayong,lambayông,0.96,1,1.00
712,lalorat,lalôrat,0.93,1,1.00
713,lalo,lalô,0.88,9,1.00
714,lalee,lalèe,0.00,0,1.00
715,laklem,laklém,0.93,1,1.00
716,lahe,lahèe,0.95,1,1.00
717,lagot,lagôt,0.91,1,1.00
718,lagee,lagèe,0.91,3,1.00
719,ladom,ladôm,0.91,1,1.00
720,ladem,ladôm,0.91,2,1.00
721,labo,labô,0.88,2,1.00
722,la'eh,la'èh,0.91,1,1.00
723,kutep,kutôp,0.91,1,1.00
724,kunengan,kunèngan,0.94,1,1.00
725,kuncop,kuncôp,0.93,1,1.00
726,kulet,kulét,0.91,2,1.00
727,kueh,kuéh,0.87,5,1.00
728,kude,kudé,0.88,1,0.00
729,kualitet,kualitét,0.96,1,1.00
730,etnologi,ètnologi,0.92,1,1.00
731,etimologi,ètimologi,0.93,1,1.00
732,eseutilah,èseutilah,0.93,1,1.00
733,eselon,èsèlon,0.78,4,0.00
734,enseueh,énseueh,0.90,2,1.00
735,embe,seumbô,0.81,2,0.00
736,lalem,lalém,0.91,5,1.00
737,lakee,lakèe,0.91,1,1.00
738,lahee,lahèe,0.91,1,1.00
739,laen,laén,0.87,4,1.00
740,kutop,kutôp,0.91,3,1.00
741,kurek,kurék,0.91,1,1.00
742,kupong,kupông,0.92,2,1.00
743,kukoh,kukôh,0.91,1,1.00
744,kudok,kudôk,0.91,1,1.00
745,kuarto,kuartô,0.94,1,1.00
746,krot,krôt,0.87,5,1.00
747,kronomete,kronomètè,0.93,1,1.00
748,krek,krèk,0.87,1,0.00
749,kreh,kréh,0.87,2,1.00
750,krangkeng,krangkèng,0.96,1,1.00
751,korset,korsèt,0.93,1,1.00
752,kontrasepsi,kontrasèpsi,0.97,1,1.00
753,kontingen,kontingèn,0.96,1,1.00
754,konsep,konsèp,0.93,2,1.00
755,kok,korsèt,0.87,2,1.00
756,klep,klèp,0.87,1,0.00
757,kiree,kirèe,0.91,1,1.00
758,keurubet,keurubét,0.96,1,1.00
759,keureukon,keureukôn,0.96,1,1.00
760,keuphon,keuphôn,0.95,1,1.00
761,keumirem,keumirém,0.96,1,1.00
762,keumawe,keumawé,0.95,1,1.00
763,keudee,keudèe,0.93,1,1.00
764,komponen,komponèn,0.96,1,1.00
765,kom,komponèn,0.85,9,1.00
766,kolonen,kolonèn,0.95,1,1.00
767,koeisien,koèisièn,0.87,1,0.00
768,kiroh,kirôh,0.91,1,1.00
769,kirem,kirém,0.91,1,1.00
770,khem,khém,0.87,1,0.00
771,keurusong,keurusông,0.96,1,1.00
772,keureuleng,keureuléng,0.97,1,1.00
773,keupong,keupông,0.94,2,1.00
774,keupeng,keupông,0.94,2,1.00
775,keunyeh,keunyèh,0.95,1,1.00
776,keundo,keundô,0.94,1,1.00
777,keulileng,keuliléng,0.96,1,1.00
778,keuleudee,keuleudèe,0.96,1,1.00
779,keulabee,keulabèe,0.96,1,1.00
780,kereta,kerèta,0.92,1,1.00
781,kemah,kèmah,0.88,1,0.00
782,keju,kèju,0.85,4,1.00
783,kayee,kayèe,0.91,1,1.00
784,kawoh,kawôh,0.91,2,1.00
785,kaset,kasèt,0.91,2,1.00
786,karonya,karônya,0.93,1,1.00
787,kareubet,kareubét,0.96,1,1.00
788,kapiten,kapitèn,0.95,1,1.00
789,kaphe,kaphô,0.92,1,1.00
790,kanto,kantô,0.92,2,1.00
791,kameng,kamèng,0.92,2,1.00
792,kadet,kadôt,0.91,2,1.00
793,kabupaten,kabupatèn,0.96,1,1.00
794,kabinet,kabinèt,0.95,2,1.00
795,kabaret,kabarèt,0.95,1,1.00
796,jujor,jujôr,0.91,1,1.00
797,jok,jôk,0.80,2,0.00
798,jilet,jilét,0.91,1,1.00
799,jeulamee,jeulamèe,0.96,1,1.00
800,eumbon,eumbôn,0.93,1,1.00
801,kense,kènsè,0.00,0,0.00
802,keker,keumirém,0.85,6,0.00
803,keh,keuphôn,0.85,3,1.00
804,kayem,kayém,0.91,1,1.00
805,kawom,kawôm,0.91,1,1.00
806,kawen,kawèn,0.91,1,1.00
807,katon,katôn,0.91,2,1.00
808,kaso,kasô,0.88,1,0.00
809,kapho,kaphô,0.92,1,1.00
810,kandongan,kandôngan,0.96,1,1.00
811,kadot,kadôt,0.91,1,1.00
812,jurong,jurông,0.92,1,1.00
813,juree,jurèe,0.91,1,1.00
814,jundrong,jundrông,0.96,1,1.00
815,jho,jhô,0.82,1,0.00
816,jeuoh,jeuôh,0.91,1,1.00
817,jeunamee,jeunamèe,0.96,1,1.00
818,jeuee,jeuèe,0.91,9,1.00
819,jep,jép,0.80,6,0.00
820,jen,jeunamèe,0.83,4,0.00
821,jayeh,jayéh,0.91,1,1.00
822,jarom,jarôm,0.91,2,1.00
823,jareueng,jaréueng,0.94,1,1.00
824,jareng,jaréueng,0.94,2,1.00
825,jantong,jantông,0.94,1,1.00
826,jangket,jangkét,0.95,2,1.00
827,janggot,janggôt,0.95,1,1.00
828,janeng,janéng,0.92,1,1.00
829,jamprong,jamprông,0.96,1,1.00
830,jampok,jampôk,0.93,3,1.00
831,jamoe,jamôe,0.91,2,1.00
832,jambo,jambô,0.92,1,1.00
833,jalo,jalô,0.88,1,0.00
834,jagong,jagông,0.92,1,1.00
835,ipoh,ipôh,0.87,2,1.00
836,ileh,iléh,0.87,3,1.00
837,ikot,ikôt,0.87,1,0.00
838,hukoman,hukôman,0.93,1,1.00
839,homoseks,homosèks,0.96,1,1.00
840,hoi,hôi,0.80,2,1.00
841,hidrolik,hidrôlik,0.95,1,1.00
842,helikopter,hèlikopter,0.94,1,1.00
843,hekeuta,hèkeuta,0.91,3,1.00
844,hek,hèkeuta,0.83,1,0.00
845,harom,harôm,0.91,2,1.00
846,haroh,harôh,0.91,3,1.00
847,etnografi,ètnografi,0.93,1,1.00
848,haloh,halôh,0.91,1,1.00
849,haleh,halôh,0.91,2,1.00
850,jadeh,jadèh,0.91,2,1.00
851,jabep,jabép,0.91,2,1.00
852,itek,iték,0.87,3,1.00
853,ireh,iréh,0.87,1,0.00
854,ipok,ipôk,0.87,2,1.00
855,implensa,implènsa,0.95,1,1.00
856,ile,ilé,0.82,9,0.00
857,iklem,iklém,0.91,1,1.00
858,ijo,ijô,0.82,1,0.00
859,idong,idông,0.89,2,1.00
860,hukom,hukôm,0.91,1,1.00
861,hotel,hotèl,0.91,1,1.00
862,himbee,himbèe,0.93,1,1.00
863,hemat,hèmat,0.88,2,0.00
864,helem,hèlem,0.88,1,0.00
865,hebat,hèbat,0.88,1,0.00
866,hase,hasé,0.88,3,1.00
867,haro-hara,harô-hara,0.95,1,1.00
868,hambo,hambô,0.92,1,1.00
869,hader,hadér,0.91,2,1.00
870,esmenen,sampôreuna,0.82,10,0.00
871,gutee,gutèe,0.91,1,1.00
872,guree,gurèe,0.91,2,1.00
873,eseukrem,èseukrém,0.83,2,0.00
874,engse,èngsè,0.00,0,0.00
875,endatu,éndatu,0.89,1,0.00
876,emlak,émlak,0.87,2,0.00
877,eleumee,éleumèe,0.81,6,0.00
878,eleuham,éleuham,0.90,1,1.00
879,elektron,èlèktron,0.83,2,1.00
880,eleh,éleuham,0.86,1,0.00
881,ekspor,èkspor,0.89,1,0.00
882,eklektik,eklèktik,0.94,1,1.00
883,ek,eklèktik,0.80,1,0.00
884,ek,eklèktik,0.80,1,0.00
885,eh,meuhôi,0.78,7,0.00
886,eh,meuhôi,0.78,7,0.00
887,edisi,èdisi,0.87,1,0.00
888,'et,'èt,0.80,4,1.00
889,'emblem,'èmblèm,0.83,1,0.00
890,duson,dusôn,0.91,1,1.00
891,dumpet,dumpèt,0.93,1,1.00
892,gureng,guréng,0.92,1,1.00
893,gunteng,gunténg,0.94,1,1.00
894,gumbok,gumbôk,0.93,2,1.00
895,gulong,gulông,0.92,2,1.00
896,gulee,gulée,0.91,1,1.00
897,gule,gulée,0.95,1,1.00
898,gukee,gukée,0.91,1,1.00
899,gugop,gugôp,0.91,1,1.00
900,grek,grèk,0.87,2,0.00
901,gorden,gordèn,0.93,1,1.00
902,gogah,gôgah,0.88,1,0.00
903,go-go,gô-gô,0.76,9,0.00
904,glong,glông,0.89,1,0.00
905,gleh,gléh,0.87,2,1.00
906,ginseng,ginsèng,0.94,1,1.00
907,gileng,giléng,0.92,1,1.00
908,gigeh,gigèh,0.91,1,1.00
909,geureupoh,geureupôh,0.96,1,1.00
910,geuntot,geuntôt,0.95,2,1.00
911,geunteng,geunténg,0.96,1,1.00
912,geunaseh,geunaséh,0.96,1,1.00
913,geumaseh,geumaséh,0.96,1,1.00
914,geuleumbong,geuleumbông,0.97,1,1.00
915,geometris,géométris,0.87,1,0.00
916,geographis,géographis,0.94,1,1.00
917,gayep,gayép,0.91,1,1.00
918,gareh,garéh,0.91,3,1.00
919,ganje,ganjé,0.92,1,1.00
920,gandom,gandôm,0.93,1,1.00
921,gampong,gampông,0.94,1,1.00
922,gamet,gamèt,0.91,1,1.00
923,gadoh,gadôh,0.91,3,1.00
924,gabong,gabông,0.92,1,1.00
925,g'eng-g'ong,g'éng-g'ong,0.95,1,1.00
926,geuten,geutèn,0.93,1,1.00
927,geunulong,geunulông,0.96,1,1.00
928,geumadee,geumadèe,0.96,1,1.00
929,geudong,geudông,0.94,1,1.00
930,geologi,ètnologi,0.78,2,0.00
931,geodesi,géodési,0.83,1,0.00
932,gayong,gayông,0.92,1,1.00
933,gaseng,gaséng,0.92,2,1.00
934,gaseh,gaséh,0.91,2,1.00
935,garo,garô,0.88,1,0.00
936,gaon,gaôn,0.87,2,1.00
937,gamlomlam,gamlômlam,0.96,1,1.00
938,gambe,gambé,0.92,1,1.00
939,gadeng,gadéng,0.92,1,1.00
940,gaboh,gabôh,0.91,1,1.00
941,euntong,euntông,0.94,1,1.00
942,eungkot,eungkôt,0.95,1,1.00
943,duane,duanè,0.92,1,1.00
944,dompet,dompèt,0.93,1,1.00
945,do'a,dô'a,0.85,1,0.00
946,dhoi,dhôi,0.87,2,0.00
947,deumpoi,deumpôi,0.95,1,1.00
948,desya,dèsya,0.88,1,0.00
949,Desember,Desèmbèr,0.88,1,0.00
950,denden,meudeungông,0.85,2,0.00
951,dayong,dayông,0.92,1,1.00
952,damee,damée,0.91,1,1.00
953,cungke,cungké,0.94,1,1.00
954,cumbong,cumbông,0.94,1,1.00
955,culek,culék,0.91,1,1.00
956,donya,dônya,0.88,1,0.00
957,disket,diskèt,0.93,1,1.00
958,dhot,dhôt,0.87,4,1.00
959,deutek,deutèk,0.93,2,1.00
960,derek,deutèk,0.86,2,0.00
961,dek,dèk,0.80,8,1.00
962,debet,debèt,0.91,2,1.00
963,darohaka,darôhaka,0.94,1,1.00
964,dalong,dalông,0.92,1,1.00
965,cungkeh,cungkèh,0.95,1,1.00
966,cumeh,cumèh,0.91,1,1.00
967,cuko,cukô,0.88,2,0.00
968,cukeh,cukèh,0.91,1,1.00
969,cukee,cukèe,0.91,1,1.00
970,croh,crôh,0.87,2,1.00
971,cre-bre,cré-bré,0.85,1,0.00
972,cre,cré,0.82,2,0.00
973,cr'ek,cr'èk,0.91,1,1.00
974,con,côn,0.80,8,1.00
975,ciret,cirét,0.91,1,1.00
976,cicem,cicém,0.91,1,1.00
977,ceureudek,ceureudék,0.96,1,1.00
978,ceumarot,ceumarôt,0.96,1,1.00
979,cetak,cètak,0.88,1,0.00
980,ceng,céng,0.85,1,0.00
981,cedaga,cèdaga,0.90,1,1.00
982,catetan,catètan,0.93,1,1.00
983,cangkoi,cangkôi,0.95,2,1.00
984,canden,candén,0.93,1,1.00
985,calam-malom,calam-malôm,0.97,1,1.00
986,cagee,cagée,0.91,1,1.00
987,cae,caé,0.82,6,0.00
988,caboi,cabôi,0.91,2,1.00
989,coh,côh,0.80,7,1.00
990,cilet,cilèt,0.91,1,1.00
991,chen,chèn,0.87,1,0.00
992,ceureumen,ceureumèn,0.96,1,1.00
993,ceureulong,ceureulông,0.97,1,1.00
994,ceurapee,ceurapèe,0.96,1,1.00
995,ceunulek,ceunulék,0.96,1,1.00
996,ceundrong,ceundrông,0.96,1,1.00
997,ceulop,ceulôp,0.93,1,1.00
998,ceukong,ceukông,0.94,2,1.00
999,ceuken,ceukén,0.93,1,1.00
1000,cet,cèt,0.80,3,1.00
,MAP Results:,,,,0.88
,MAP Percentage Accuracy:,,,,87.5%
